[
{
  "model": "music.track",
  "pk": 1,
  "fields": {
    "title": "Trust In The Lord",
    "audio": "tracks/1_-_Trust_in_the_Lord.mp3",
    "categories": [
      1,
      2
    ]
  }
},
{
  "model": "music.track",
  "pk": 2,
  "fields": {
    "title": "Dust",
    "audio": "tracks/2_-_Dust.mp3",
    "categories": [
      4,
      5
    ]
  }
},
{
  "model": "music.track",
  "pk": 3,
  "fields": {
    "title": "Serve The Lord",
    "audio": "tracks/3_-_Serve_the_Lord.mp3",
    "categories": [
      1
    ]
  }
},
{
  "model": "music.track",
  "pk": 4,
  "fields": {
    "title": "Light My Way",
    "audio": "tracks/4_-_Light_My_Way.mp3",
    "categories": [
      3,
      5
    ]
  }
},
{
  "model": "music.track",
  "pk": 5,
  "fields": {
    "title": "Divine",
    "audio": "tracks/5_-_Divine.mp3",
    "categories": [
      3,
      5
    ]
  }
},
{
  "model": "music.track",
  "pk": 6,
  "fields": {
    "title": "I Surrender",
    "audio": "tracks/6_-_I_Surrender.mp3",
    "categories": [
      5
    ]
  }
},
{
  "model": "music.track",
  "pk": 7,
  "fields": {
    "title": "Healer",
    "audio": "tracks/7_-_Healer.mp3",
    "categories": [
      1,
      2
    ]
  }
},
{
  "model": "music.track",
  "pk": 8,
  "fields": {
    "title": "Look To You",
    "audio": "tracks/8_-_Look_to_You.mp3",
    "categories": [
      5
    ]
  }
},
{
  "model": "music.track",
  "pk": 9,
  "fields": {
    "title": "I Need Him",
    "audio": "tracks/9_-_I_Need_Him.mp3",
    "categories": [
      5
    ]
  }
},
{
  "model": "music.track",
  "pk": 10,
  "fields": {
    "title": "Possible With Him",
    "audio": "tracks/10_-_Possible_With_Him.mp3",
    "categories": [
      1
    ]
  }
},
{
  "model": "music.track",
  "pk": 11,
  "fields": {
    "title": "Speak To Me",
    "audio": "tracks/11_-_Speak_to_Me.mp3",
    "categories": [
      6
    ]
  }
},
{
  "model": "music.track",
  "pk": 12,
  "fields": {
    "title": "Send Me",
    "audio": "tracks/12_-_Send_Me.mp3",
    "categories": [
      3,
      6
    ]
  }
},
{
  "model": "music.track",
  "pk": 13,
  "fields": {
    "title": "Disciple of Christ",
    "audio": "tracks/1_-_Disciple_of_Christ.mp3",
    "categories": [
      1,
      2,
      7
    ]
  }
},
{
  "model": "music.track",
  "pk": 14,
  "fields": {
    "title": "Diamond",
    "audio": "tracks/2_-_Diamond.mp3",
    "categories": [
      3,
      4
    ]
  }
},
{
  "model": "music.track",
  "pk": 15,
  "fields": {
    "title": "When I Found You",
    "audio": "tracks/3_-_When_I_Found_You.mp3",
    "categories": [
      3,
      5
    ]
  }
},
{
  "model": "music.track",
  "pk": 16,
  "fields": {
    "title": "Truth",
    "audio": "tracks/4_-_Truth.mp3",
    "categories": [
      1,
      6
    ]
  }
},
{
  "model": "music.track",
  "pk": 17,
  "fields": {
    "title": "He Still Chose Me",
    "audio": "tracks/5_-_He_Still_Chose_Me.mp3",
    "categories": [
      2
    ]
  }
},
{
  "model": "music.track",
  "pk": 18,
  "fields": {
    "title": "One True Hope",
    "audio": "tracks/6_-_One_True_Hope.mp3",
    "categories": [
      9,
      5
    ]
  }
},
{
  "model": "music.track",
  "pk": 19,
  "fields": {
    "title": "Disciple of Christ (trio)",
    "audio": "tracks/7_-_Disciple_of_Christ_trio.mp3",
    "categories": [
      2,
      3
    ]
  }
},
{
  "model": "music.track",
  "pk": 20,
  "fields": {
    "title": "Eternal",
    "audio": "tracks/8_-_Eternal.mp3",
    "categories": [
      4,
      5
    ]
  }
},
{
  "model": "music.track",
  "pk": 21,
  "fields": {
    "title": "Beloved",
    "audio": "tracks/9_-_Beloved.mp3",
    "categories": [
      3,
      7
    ]
  }
},
{
  "model": "music.track",
  "pk": 22,
  "fields": {
    "title": "Over Mine",
    "audio": "tracks/10_-_Over_Mine.mp3",
    "categories": [
      8,
      2
    ]
  }
},
{
  "model": "music.track",
  "pk": 23,
  "fields": {
    "title": "Savior Of My Soul",
    "audio": "tracks/11_-_Savior_of_My_Soul.mp3",
    "categories": [
      1,
      2
    ]
  }
},
{
  "model": "music.track",
  "pk": 24,
  "fields": {
    "title": "Living Water",
    "audio": "tracks/12_-_Living_Water.mp3",
    "categories": [
      6,
      7
    ]
  }
},
{
  "model": "music.track",
  "pk": 25,
  "fields": {
    "title": "A Savior Is Born",
    "audio": "tracks/0_-_A_Savior_Is_Born.mp3",
    "categories": [
      1,
      10
    ]
  }
},
{
  "model": "music.track",
  "pk": 26,
  "fields": {
    "title": "Press Forward",
    "audio": "tracks/1_-_Press_Forward.mp3",
    "categories": [
      3
    ]
  }
},
{
  "model": "music.track",
  "pk": 27,
  "fields": {
    "title": "You Already Know It",
    "audio": "tracks/2_-_You_Already_Know_It.mp3",
    "categories": [
      5
    ]
  }
},
{
  "model": "music.track",
  "pk": 28,
  "fields": {
    "title": "New Life",
    "audio": "tracks/3_-_New_Life.mp3",
    "categories": [
      7
    ]
  }
},
{
  "model": "music.track",
  "pk": 29,
  "fields": {
    "title": "Treat Everyone With Love",
    "audio": "tracks/4_-_Treat_Everyone_With_Love.mp3",
    "categories": [
      7
    ]
  }
},
{
  "model": "music.track",
  "pk": 30,
  "fields": {
    "title": "Nothing Can Separate Us",
    "audio": "tracks/5_-_Nothing_Can_Separate_Us.mp3",
    "categories": [
      5
    ]
  }
},
{
  "model": "music.track",
  "pk": 31,
  "fields": {
    "title": "He Is There",
    "audio": "tracks/6_-_He_Is_There.mp3",
    "categories": [
      7
    ]
  }
},
{
  "model": "music.track",
  "pk": 32,
  "fields": {
    "title": "It's Not About You",
    "audio": "tracks/7_-_Its_Not_About_You.mp3",
    "categories": [
      3,
      7
    ]
  }
},
{
  "model": "music.track",
  "pk": 33,
  "fields": {
    "title": "Lay It Down",
    "audio": "tracks/8_-_Lay_It_Down.mp3",
    "categories": [
      7
    ]
  }
},
{
  "model": "music.track",
  "pk": 34,
  "fields": {
    "title": "That's How I'll Be",
    "audio": "tracks/9_-_Thats_How_Ill_Be.mp3",
    "categories": [
      3
    ]
  }
},
{
  "model": "music.track",
  "pk": 35,
  "fields": {
    "title": "When The Time Is Right",
    "audio": "tracks/10_-_When_the_Time_is_Right.mp3",
    "categories": [
      5
    ]
  }
},
{
  "model": "music.track",
  "pk": 36,
  "fields": {
    "title": "Lift Your Eyes",
    "audio": "tracks/11_-_Lift_Your_Eyes.mp3",
    "categories": [
      3
    ]
  }
},
{
  "model": "music.track",
  "pk": 37,
  "fields": {
    "title": "Look Unto Christ",
    "audio": "tracks/1_-_look_unto_christ_2025.mp3",
    "categories": [
      1,
      3
    ]
  }
},
{
  "model": "music.track",
  "pk": 38,
  "fields": {
    "title": "Doubt Not",
    "audio": "tracks/2_-_Doubt_Not.mp3",
    "categories": [
      6
    ]
  }
},
{
  "model": "music.track",
  "pk": 39,
  "fields": {
    "title": "Fear Not",
    "audio": "tracks/3_-_Fear_Not.mp3",
    "categories": [
      3,
      6
    ]
  }
},
{
  "model": "music.track",
  "pk": 40,
  "fields": {
    "title": "Carry Me",
    "audio": "tracks/4_-_Carry_Me.mp3",
    "categories": [
      1,
      4
    ]
  }
},
{
  "model": "music.track",
  "pk": 41,
  "fields": {
    "title": "His Work",
    "audio": "tracks/5_-_His_Work.mp3",
    "categories": [
      1,
      5
    ]
  }
},
{
  "model": "music.track",
  "pk": 42,
  "fields": {
    "title": "Daughter Of Light",
    "audio": "tracks/6_-_Daughter_of_Light.mp3",
    "categories": [
      1,
      2
    ]
  }
},
{
  "model": "music.track",
  "pk": 43,
  "fields": {
    "title": "I Need Your Strength",
    "audio": "tracks/7_-_I_Need_Your_Strength.mp3",
    "categories": [
      8,
      6
    ]
  }
},
{
  "model": "music.track",
  "pk": 44,
  "fields": {
    "title": "I'll Hold On",
    "audio": "tracks/8_-_Ill_Hold_On.mp3",
    "categories": [
      5
    ]
  }
},
{
  "model": "music.track",
  "pk": 45,
  "fields": {
    "title": "Christ The Lord",
    "audio": "tracks/9_-_Christ_the_Lord.mp3",
    "categories": [
      1,
      10
    ]
  }
},
{
  "model": "music.track",
  "pk": 46,
  "fields": {
    "title": "Made By God",
    "audio": "tracks/10_-_Made_By_God.mp3",
    "categories": [
      5
    ]
  }
},
{
  "model": "music.track",
  "pk": 47,
  "fields": {
    "title": "He Won't Let Me Down",
    "audio": "tracks/11_-_He_Wont_Let_Me_Down.mp3",
    "categories": [
      1
    ]
  }
},
{
  "model": "music.album",
  "pk": 1,
  "fields": {
    "name": "Trust In The Lord: 2022 Youth Album",
    "cover": "album_img/2022_youth_theme_logo_trust_lord_MfT2QtM.webp",
    "released": "2022-01-01"
  }
},
{
  "model": "music.album",
  "pk": 2,
  "fields": {
    "name": "Disciple of Christ: 2024 Youth Album",
    "cover": "album_img/2024_youth_theme_cover_art_MWgb8VH.webp",
    "released": "2024-01-01"
  }
},
{
  "model": "music.album",
  "pk": 3,
  "fields": {
    "name": "A Savior Is Born",
    "cover": "album_img/savior_born_christmas_music_nik_day1.webp",
    "released": "2021-11-01"
  }
},
{
  "model": "music.album",
  "pk": 4,
  "fields": {
    "name": "Press Forward: 2016 Youth Album",
    "cover": "album_img/2016_press_forward_theme_album_UF3kQBt.webp",
    "released": "2016-01-01"
  }
},
{
  "model": "music.album",
  "pk": 5,
  "fields": {
    "name": "Look Unto Christ: 2025 Youth Album",
    "cover": "album_img/look_unto_christ_youth_2025_cvhEQkW.webp",
    "released": "2025-01-01"
  }
},
{
  "model": "music.artist",
  "pk": 1,
  "fields": {
    "name": "Lizzy Newbold"
  }
},
{
  "model": "music.artist",
  "pk": 2,
  "fields": {
    "name": "Kenedi Anderson"
  }
},
{
  "model": "music.artist",
  "pk": 3,
  "fields": {
    "name": "Yahosh Bonner"
  }
},
{
  "model": "music.artist",
  "pk": 4,
  "fields": {
    "name": "Nik Day"
  }
},
{
  "model": "music.artist",
  "pk": 5,
  "fields": {
    "name": "Alyssa Lemmon"
  }
},
{
  "model": "music.artist",
  "pk": 6,
  "fields": {
    "name": "Josh Dalley"
  }
},
{
  "model": "music.artist",
  "pk": 7,
  "fields": {
    "name": "McKenna Hixson"
  }
},
{
  "model": "music.artist",
  "pk": 8,
  "fields": {
    "name": "Yaphet Bustos"
  }
},
{
  "model": "music.artist",
  "pk": 9,
  "fields": {
    "name": "Leah Campbell"
  }
},
{
  "model": "music.artist",
  "pk": 10,
  "fields": {
    "name": "Ryan Johnson"
  }
},
{
  "model": "music.artist",
  "pk": 11,
  "fields": {
    "name": "Tae Meek"
  }
},
{
  "model": "music.artist",
  "pk": 12,
  "fields": {
    "name": "Patch Crowe"
  }
},
{
  "model": "music.artist",
  "pk": 13,
  "fields": {
    "name": "Various"
  }
},
{
  "model": "music.artist",
  "pk": 14,
  "fields": {
    "name": "Benjamin Josiah"
  }
},
{
  "model": "music.artist",
  "pk": 15,
  "fields": {
    "name": "Madilyn Paige"
  }
},
{
  "model": "music.artist",
  "pk": 16,
  "fields": {
    "name": "Connor Austin"
  }
},
{
  "model": "music.artist",
  "pk": 17,
  "fields": {
    "name": "Jarica Jamison"
  }
},
{
  "model": "music.artist",
  "pk": 18,
  "fields": {
    "name": "Claire Quigley"
  }
},
{
  "model": "music.artist",
  "pk": 19,
  "fields": {
    "name": "Luz Ysabelle Cuevas"
  }
},
{
  "model": "music.artist",
  "pk": 20,
  "fields": {
    "name": "Mike McClellan"
  }
},
{
  "model": "music.artist",
  "pk": 21,
  "fields": {
    "name": "Jenn B"
  }
},
{
  "model": "music.artist",
  "pk": 22,
  "fields": {
    "name": "Oba Bonner"
  }
},
{
  "model": "music.artist",
  "pk": 23,
  "fields": {
    "name": "Ellie Barry"
  }
},
{
  "model": "music.artist",
  "pk": 24,
  "fields": {
    "name": "Ben Olsen"
  }
},
{
  "model": "music.artist",
  "pk": 25,
  "fields": {
    "name": "James Thorup"
  }
},
{
  "model": "music.artist",
  "pk": 26,
  "fields": {
    "name": "Noelle Bybee"
  }
},
{
  "model": "music.artist",
  "pk": 27,
  "fields": {
    "name": "Brandon Casper"
  }
},
{
  "model": "music.artist",
  "pk": 28,
  "fields": {
    "name": "Kawika Katoa"
  }
},
{
  "model": "music.artist",
  "pk": 29,
  "fields": {
    "name": "Lillian Hepler"
  }
},
{
  "model": "music.artist",
  "pk": 30,
  "fields": {
    "name": "Zac Love"
  }
},
{
  "model": "music.artist",
  "pk": 31,
  "fields": {
    "name": "Christian Love"
  }
},
{
  "model": "music.artist",
  "pk": 32,
  "fields": {
    "name": "Tanner Linford"
  }
},
{
  "model": "music.artist",
  "pk": 33,
  "fields": {
    "name": "Davis Handley"
  }
},
{
  "model": "music.artist",
  "pk": 34,
  "fields": {
    "name": "Jonathan Meyers"
  }
},
{
  "model": "music.artist",
  "pk": 35,
  "fields": {
    "name": "Cera Pack"
  }
},
{
  "model": "music.artist",
  "pk": 36,
  "fields": {
    "name": "Kylee Shaffer"
  }
},
{
  "model": "music.artist",
  "pk": 37,
  "fields": {
    "name": "Malorie Ward"
  }
},
{
  "model": "music.artist",
  "pk": 38,
  "fields": {
    "name": "Brynleigh Kinne"
  }
},
{
  "model": "music.artist",
  "pk": 39,
  "fields": {
    "name": "Halo Ray"
  }
},
{
  "model": "music.artist",
  "pk": 40,
  "fields": {
    "name": "Dallin Hatch"
  }
},
{
  "model": "music.artist",
  "pk": 41,
  "fields": {
    "name": "Paige Anne"
  }
},
{
  "model": "music.artist",
  "pk": 42,
  "fields": {
    "name": "Kylie Linton"
  }
},
{
  "model": "music.artist",
  "pk": 43,
  "fields": {
    "name": "Hendi Pranata Silalahi"
  }
},
{
  "model": "music.artist",
  "pk": 44,
  "fields": {
    "name": "Jay Phung"
  }
},
{
  "model": "music.artist",
  "pk": 45,
  "fields": {
    "name": "Evie Clair"
  }
},
{
  "model": "music.artist",
  "pk": 46,
  "fields": {
    "name": "Jack Nelson"
  }
},
{
  "model": "music.category",
  "pk": 1,
  "fields": {
    "name": "Christian"
  }
},
{
  "model": "music.category",
  "pk": 2,
  "fields": {
    "name": "Faith & Spirituality"
  }
},
{
  "model": "music.category",
  "pk": 3,
  "fields": {
    "name": "Inspirational"
  }
},
{
  "model": "music.category",
  "pk": 4,
  "fields": {
    "name": "Raggae"
  }
},
{
  "model": "music.category",
  "pk": 5,
  "fields": {
    "name": "Popular"
  }
},
{
  "model": "music.category",
  "pk": 6,
  "fields": {
    "name": "Easy Listening"
  }
},
{
  "model": "music.category",
  "pk": 7,
  "fields": {
    "name": "Country"
  }
},
{
  "model": "music.category",
  "pk": 8,
  "fields": {
    "name": "Indie"
  }
},
{
  "model": "music.category",
  "pk": 9,
  "fields": {
    "name": "Jazz"
  }
},
{
  "model": "music.category",
  "pk": 10,
  "fields": {
    "name": "Christmas"
  }
},
{
  "model": "music.trackartist",
  "pk": 1,
  "fields": {
    "track": 1,
    "artist": 1,
    "role": "primary",
    "order": 1
  }
},
{
  "model": "music.trackartist",
  "pk": 2,
  "fields": {
    "track": 3,
    "artist": 2,
    "role": "primary",
    "order": 3
  }
},
{
  "model": "music.trackartist",
  "pk": 3,
  "fields": {
    "track": 2,
    "artist": 3,
    "role": "primary",
    "order": 2
  }
},
{
  "model": "music.trackartist",
  "pk": 4,
  "fields": {
    "track": 4,
    "artist": 4,
    "role": "primary",
    "order": 4
  }
},
{
  "model": "music.trackartist",
  "pk": 5,
  "fields": {
    "track": 5,
    "artist": 5,
    "role": "primary",
    "order": 1
  }
},
{
  "model": "music.trackartist",
  "pk": 6,
  "fields": {
    "track": 6,
    "artist": 6,
    "role": "primary",
    "order": 6
  }
},
{
  "model": "music.trackartist",
  "pk": 7,
  "fields": {
    "track": 7,
    "artist": 7,
    "role": "primary",
    "order": 7
  }
},
{
  "model": "music.trackartist",
  "pk": 8,
  "fields": {
    "track": 8,
    "artist": 8,
    "role": "primary",
    "order": 8
  }
},
{
  "model": "music.trackartist",
  "pk": 9,
  "fields": {
    "track": 9,
    "artist": 9,
    "role": "primary",
    "order": 9
  }
},
{
  "model": "music.trackartist",
  "pk": 10,
  "fields": {
    "track": 10,
    "artist": 10,
    "role": "primary",
    "order": 10
  }
},
{
  "model": "music.trackartist",
  "pk": 11,
  "fields": {
    "track": 11,
    "artist": 11,
    "role": "primary",
    "order": 11
  }
},
{
  "model": "music.trackartist",
  "pk": 12,
  "fields": {
    "track": 12,
    "artist": 12,
    "role": "primary",
    "order": 1
  }
},
{
  "model": "music.trackartist",
  "pk": 13,
  "fields": {
    "track": 13,
    "artist": 14,
    "role": "primary",
    "order": 0
  }
},
{
  "model": "music.trackartist",
  "pk": 14,
  "fields": {
    "track": 14,
    "artist": 4,
    "role": "primary",
    "order": 0
  }
},
{
  "model": "music.trackartist",
  "pk": 15,
  "fields": {
    "track": 15,
    "artist": 15,
    "role": "primary",
    "order": 0
  }
},
{
  "model": "music.trackartist",
  "pk": 16,
  "fields": {
    "track": 16,
    "artist": 16,
    "role": "primary",
    "order": 1
  }
},
{
  "model": "music.trackartist",
  "pk": 17,
  "fields": {
    "track": 16,
    "artist": 17,
    "role": "primary",
    "order": 2
  }
},
{
  "model": "music.trackartist",
  "pk": 18,
  "fields": {
    "track": 17,
    "artist": 18,
    "role": "primary",
    "order": 0
  }
},
{
  "model": "music.trackartist",
  "pk": 19,
  "fields": {
    "track": 18,
    "artist": 3,
    "role": "primary",
    "order": 0
  }
},
{
  "model": "music.trackartist",
  "pk": 20,
  "fields": {
    "track": 19,
    "artist": 19,
    "role": "primary",
    "order": 1
  }
},
{
  "model": "music.trackartist",
  "pk": 21,
  "fields": {
    "track": 19,
    "artist": 20,
    "role": "featured",
    "order": 2
  }
},
{
  "model": "music.trackartist",
  "pk": 22,
  "fields": {
    "track": 19,
    "artist": 4,
    "role": "featured",
    "order": 3
  }
},
{
  "model": "music.trackartist",
  "pk": 23,
  "fields": {
    "track": 20,
    "artist": 21,
    "role": "primary",
    "order": 1
  }
},
{
  "model": "music.trackartist",
  "pk": 24,
  "fields": {
    "track": 20,
    "artist": 22,
    "role": "featured",
    "order": 2
  }
},
{
  "model": "music.trackartist",
  "pk": 25,
  "fields": {
    "track": 21,
    "artist": 23,
    "role": "primary",
    "order": 0
  }
},
{
  "model": "music.trackartist",
  "pk": 26,
  "fields": {
    "track": 22,
    "artist": 24,
    "role": "primary",
    "order": 0
  }
},
{
  "model": "music.trackartist",
  "pk": 27,
  "fields": {
    "track": 23,
    "artist": 7,
    "role": "primary",
    "order": 0
  }
},
{
  "model": "music.trackartist",
  "pk": 28,
  "fields": {
    "track": 24,
    "artist": 25,
    "role": "primary",
    "order": 0
  }
},
{
  "model": "music.trackartist",
  "pk": 29,
  "fields": {
    "track": 25,
    "artist": 4,
    "role": "primary",
    "order": 1
  }
},
{
  "model": "music.trackartist",
  "pk": 30,
  "fields": {
    "track": 26,
    "artist": 26,
    "role": "primary",
    "order": 0
  }
},
{
  "model": "music.trackartist",
  "pk": 31,
  "fields": {
    "track": 27,
    "artist": 27,
    "role": "primary",
    "order": 0
  }
},
{
  "model": "music.trackartist",
  "pk": 32,
  "fields": {
    "track": 28,
    "artist": 28,
    "role": "primary",
    "order": 0
  }
},
{
  "model": "music.trackartist",
  "pk": 33,
  "fields": {
    "track": 29,
    "artist": 29,
    "role": "primary",
    "order": 0
  }
},
{
  "model": "music.trackartist",
  "pk": 34,
  "fields": {
    "track": 30,
    "artist": 30,
    "role": "primary",
    "order": 1
  }
},
{
  "model": "music.trackartist",
  "pk": 35,
  "fields": {
    "track": 30,
    "artist": 31,
    "role": "featured",
    "order": 2
  }
},
{
  "model": "music.trackartist",
  "pk": 36,
  "fields": {
    "track": 31,
    "artist": 32,
    "role": "primary",
    "order": 0
  }
},
{
  "model": "music.trackartist",
  "pk": 37,
  "fields": {
    "track": 32,
    "artist": 33,
    "role": "primary",
    "order": 0
  }
},
{
  "model": "music.trackartist",
  "pk": 38,
  "fields": {
    "track": 33,
    "artist": 34,
    "role": "primary",
    "order": 1
  }
},
{
  "model": "music.trackartist",
  "pk": 39,
  "fields": {
    "track": 33,
    "artist": 35,
    "role": "featured",
    "order": 2
  }
},
{
  "model": "music.trackartist",
  "pk": 40,
  "fields": {
    "track": 34,
    "artist": 36,
    "role": "primary",
    "order": 1
  }
},
{
  "model": "music.trackartist",
  "pk": 41,
  "fields": {
    "track": 34,
    "artist": 37,
    "role": "featured",
    "order": 2
  }
},
{
  "model": "music.trackartist",
  "pk": 42,
  "fields": {
    "track": 35,
    "artist": 38,
    "role": "primary",
    "order": 0
  }
},
{
  "model": "music.trackartist",
  "pk": 43,
  "fields": {
    "track": 36,
    "artist": 26,
    "role": "primary",
    "order": 0
  }
},
{
  "model": "music.trackartist",
  "pk": 44,
  "fields": {
    "track": 37,
    "artist": 39,
    "role": "primary",
    "order": 0
  }
},
{
  "model": "music.trackartist",
  "pk": 45,
  "fields": {
    "track": 38,
    "artist": 40,
    "role": "primary",
    "order": 0
  }
},
{
  "model": "music.trackartist",
  "pk": 46,
  "fields": {
    "track": 39,
    "artist": 41,
    "role": "primary",
    "order": 0
  }
},
{
  "model": "music.trackartist",
  "pk": 47,
  "fields": {
    "track": 40,
    "artist": 42,
    "role": "primary",
    "order": 0
  }
},
{
  "model": "music.trackartist",
  "pk": 48,
  "fields": {
    "track": 41,
    "artist": 16,
    "role": "primary",
    "order": 0
  }
},
{
  "model": "music.trackartist",
  "pk": 49,
  "fields": {
    "track": 42,
    "artist": 23,
    "role": "primary",
    "order": 0
  }
},
{
  "model": "music.trackartist",
  "pk": 50,
  "fields": {
    "track": 43,
    "artist": 43,
    "role": "primary",
    "order": 0
  }
},
{
  "model": "music.trackartist",
  "pk": 51,
  "fields": {
    "track": 44,
    "artist": 44,
    "role": "primary",
    "order": 0
  }
},
{
  "model": "music.trackartist",
  "pk": 52,
  "fields": {
    "track": 45,
    "artist": 45,
    "role": "primary",
    "order": 0
  }
},
{
  "model": "music.trackartist",
  "pk": 53,
  "fields": {
    "track": 46,
    "artist": 18,
    "role": "primary",
    "order": 0
  }
},
{
  "model": "music.trackartist",
  "pk": 54,
  "fields": {
    "track": 47,
    "artist": 46,
    "role": "primary",
    "order": 0
  }
},
{
  "model": "music.albumartist",
  "pk": 1,
  "fields": {
    "album": 1,
    "artist": 13,
    "order": 0
  }
},
{
  "model": "music.albumartist",
  "pk": 2,
  "fields": {
    "album": 2,
    "artist": 13,
    "order": 1
  }
},
{
  "model": "music.albumartist",
  "pk": 3,
  "fields": {
    "album": 3,
    "artist": 4,
    "order": 1
  }
},
{
  "model": "music.albumartist",
  "pk": 4,
  "fields": {
    "album": 4,
    "artist": 13,
    "order": 0
  }
},
{
  "model": "music.albumartist",
  "pk": 5,
  "fields": {
    "album": 5,
    "artist": 13,
    "order": 0
  }
},
{
  "model": "music.albumtrack",
  "pk": 1,
  "fields": {
    "album": 1,
    "track": 1,
    "track_number": 1
  }
},
{
  "model": "music.albumtrack",
  "pk": 2,
  "fields": {
    "album": 1,
    "track": 2,
    "track_number": 2
  }
},
{
  "model": "music.albumtrack",
  "pk": 3,
  "fields": {
    "album": 1,
    "track": 3,
    "track_number": 3
  }
},
{
  "model": "music.albumtrack",
  "pk": 4,
  "fields": {
    "album": 1,
    "track": 4,
    "track_number": 4
  }
},
{
  "model": "music.albumtrack",
  "pk": 5,
  "fields": {
    "album": 1,
    "track": 5,
    "track_number": 5
  }
},
{
  "model": "music.albumtrack",
  "pk": 6,
  "fields": {
    "album": 1,
    "track": 6,
    "track_number": 6
  }
},
{
  "model": "music.albumtrack",
  "pk": 7,
  "fields": {
    "album": 1,
    "track": 7,
    "track_number": 7
  }
},
{
  "model": "music.albumtrack",
  "pk": 8,
  "fields": {
    "album": 1,
    "track": 8,
    "track_number": 8
  }
},
{
  "model": "music.albumtrack",
  "pk": 9,
  "fields": {
    "album": 1,
    "track": 9,
    "track_number": 9
  }
},
{
  "model": "music.albumtrack",
  "pk": 10,
  "fields": {
    "album": 1,
    "track": 10,
    "track_number": 10
  }
},
{
  "model": "music.albumtrack",
  "pk": 11,
  "fields": {
    "album": 1,
    "track": 11,
    "track_number": 11
  }
},
{
  "model": "music.albumtrack",
  "pk": 12,
  "fields": {
    "album": 1,
    "track": 12,
    "track_number": 12
  }
},
{
  "model": "music.albumtrack",
  "pk": 13,
  "fields": {
    "album": 2,
    "track": 13,
    "track_number": 1
  }
},
{
  "model": "music.albumtrack",
  "pk": 14,
  "fields": {
    "album": 2,
    "track": 14,
    "track_number": 2
  }
},
{
  "model": "music.albumtrack",
  "pk": 15,
  "fields": {
    "album": 2,
    "track": 15,
    "track_number": 3
  }
},
{
  "model": "music.albumtrack",
  "pk": 16,
  "fields": {
    "album": 2,
    "track": 16,
    "track_number": 4
  }
},
{
  "model": "music.albumtrack",
  "pk": 17,
  "fields": {
    "album": 2,
    "track": 17,
    "track_number": 5
  }
},
{
  "model": "music.albumtrack",
  "pk": 18,
  "fields": {
    "album": 2,
    "track": 18,
    "track_number": 6
  }
},
{
  "model": "music.albumtrack",
  "pk": 19,
  "fields": {
    "album": 2,
    "track": 19,
    "track_number": 7
  }
},
{
  "model": "music.albumtrack",
  "pk": 20,
  "fields": {
    "album": 2,
    "track": 20,
    "track_number": 8
  }
},
{
  "model": "music.albumtrack",
  "pk": 21,
  "fields": {
    "album": 2,
    "track": 21,
    "track_number": 9
  }
},
{
  "model": "music.albumtrack",
  "pk": 22,
  "fields": {
    "album": 2,
    "track": 22,
    "track_number": 0
  }
},
{
  "model": "music.albumtrack",
  "pk": 23,
  "fields": {
    "album": 2,
    "track": 23,
    "track_number": 0
  }
},
{
  "model": "music.albumtrack",
  "pk": 24,
  "fields": {
    "album": 2,
    "track": 24,
    "track_number": 0
  }
},
{
  "model": "music.albumtrack",
  "pk": 25,
  "fields": {
    "album": 3,
    "track": 25,
    "track_number": 0
  }
},
{
  "model": "music.albumtrack",
  "pk": 26,
  "fields": {
    "album": 4,
    "track": 26,
    "track_number": 1
  }
},
{
  "model": "music.albumtrack",
  "pk": 27,
  "fields": {
    "album": 4,
    "track": 27,
    "track_number": 2
  }
},
{
  "model": "music.albumtrack",
  "pk": 28,
  "fields": {
    "album": 4,
    "track": 28,
    "track_number": 3
  }
},
{
  "model": "music.albumtrack",
  "pk": 29,
  "fields": {
    "album": 4,
    "track": 29,
    "track_number": 4
  }
},
{
  "model": "music.albumtrack",
  "pk": 30,
  "fields": {
    "album": 4,
    "track": 30,
    "track_number": 5
  }
},
{
  "model": "music.albumtrack",
  "pk": 31,
  "fields": {
    "album": 4,
    "track": 31,
    "track_number": 6
  }
},
{
  "model": "music.albumtrack",
  "pk": 32,
  "fields": {
    "album": 4,
    "track": 32,
    "track_number": 7
  }
},
{
  "model": "music.albumtrack",
  "pk": 33,
  "fields": {
    "album": 4,
    "track": 33,
    "track_number": 8
  }
},
{
  "model": "music.albumtrack",
  "pk": 34,
  "fields": {
    "album": 4,
    "track": 34,
    "track_number": 9
  }
},
{
  "model": "music.albumtrack",
  "pk": 35,
  "fields": {
    "album": 4,
    "track": 35,
    "track_number": 10
  }
},
{
  "model": "music.albumtrack",
  "pk": 36,
  "fields": {
    "album": 4,
    "track": 36,
    "track_number": 11
  }
},
{
  "model": "music.albumtrack",
  "pk": 37,
  "fields": {
    "album": 5,
    "track": 37,
    "track_number": 1
  }
},
{
  "model": "music.albumtrack",
  "pk": 38,
  "fields": {
    "album": 5,
    "track": 38,
    "track_number": 2
  }
},
{
  "model": "music.albumtrack",
  "pk": 39,
  "fields": {
    "album": 5,
    "track": 39,
    "track_number": 3
  }
},
{
  "model": "music.albumtrack",
  "pk": 40,
  "fields": {
    "album": 5,
    "track": 40,
    "track_number": 4
  }
},
{
  "model": "music.albumtrack",
  "pk": 41,
  "fields": {
    "album": 5,
    "track": 41,
    "track_number": 5
  }
},
{
  "model": "music.albumtrack",
  "pk": 42,
  "fields": {
    "album": 5,
    "track": 42,
    "track_number": 6
  }
},
{
  "model": "music.albumtrack",
  "pk": 43,
  "fields": {
    "album": 5,
    "track": 43,
    "track_number": 7
  }
},
{
  "model": "music.albumtrack",
  "pk": 44,
  "fields": {
    "album": 5,
    "track": 44,
    "track_number": 8
  }
},
{
  "model": "music.albumtrack",
  "pk": 45,
  "fields": {
    "album": 5,
    "track": 45,
    "track_number": 9
  }
},
{
  "model": "music.albumtrack",
  "pk": 46,
  "fields": {
    "album": 5,
    "track": 46,
    "track_number": 10
  }
},
{
  "model": "music.albumtrack",
  "pk": 47,
  "fields": {
    "album": 5,
    "track": 47,
    "track_number": 11
  }
},
{
  "model": "music.playlist",
  "pk": 1,
  "fields": {
    "owner": [
      "kerri"
    ],
    "name": "Trust",
    "created_at": "2025-09-25T00:38:36.246Z"
  }
},
{
  "model": "music.playlist",
  "pk": 2,
  "fields": {
    "owner": [
      "kerri"
    ],
    "name": "Youth",
    "created_at": "2025-09-25T00:38:56.733Z"
  }
},
{
  "model": "music.playlist",
  "pk": 3,
  "fields": {
    "owner": [
      "kerri"
    ],
    "name": "Christmas",
    "created_at": "2025-09-25T00:39:14.038Z"
  }
},
{
  "model": "music.playlist",
  "pk": 4,
  "fields": {
    "owner": [
      "kerri"
    ],
    "name": "Fun",
    "created_at": "2025-09-25T00:39:25.007Z"
  }
},
{
  "model": "music.playlist",
  "pk": 5,
  "fields": {
    "owner": [
      "kerri"
    ],
    "name": "My New Playlist",
    "created_at": "2025-10-06T18:39:54.555Z"
  }
},
{
  "model": "music.playlisttrack",
  "pk": 1,
  "fields": {
    "playlist": 1,
    "track": 6,
    "position": 0,
    "added_at": "2025-09-25T00:40:04.850Z"
  }
},
{
  "model": "music.playlisttrack",
  "pk": 2,
  "fields": {
    "playlist": 1,
    "track": 38,
    "position": 2,
    "added_at": "2025-09-25T00:40:34.462Z"
  }
},
{
  "model": "music.playlisttrack",
  "pk": 3,
  "fields": {
    "playlist": 1,
    "track": 39,
    "position": 0,
    "added_at": "2025-09-25T00:40:48.039Z"
  }
},
{
  "model": "music.playlisttrack",
  "pk": 4,
  "fields": {
    "playlist": 1,
    "track": 47,
    "position": 3,
    "added_at": "2025-09-25T00:41:03.285Z"
  }
},
{
  "model": "music.playlisttrack",
  "pk": 5,
  "fields": {
    "playlist": 2,
    "track": 11,
    "position": 0,
    "added_at": "2025-09-25T00:42:04.877Z"
  }
},
{
  "model": "music.playlisttrack",
  "pk": 6,
  "fields": {
    "playlist": 2,
    "track": 29,
    "position": 1,
    "added_at": "2025-09-25T00:42:20.575Z"
  }
},
{
  "model": "music.playlisttrack",
  "pk": 7,
  "fields": {
    "playlist": 2,
    "track": 42,
    "position": 2,
    "added_at": "2025-09-25T00:42:35.816Z"
  }
},
{
  "model": "music.playlisttrack",
  "pk": 8,
  "fields": {
    "playlist": 1,
    "track": 32,
    "position": 3,
    "added_at": "2025-09-25T00:43:04.765Z"
  }
},
{
  "model": "music.playlisttrack",
  "pk": 9,
  "fields": {
    "playlist": 2,
    "track": 37,
    "position": 4,
    "added_at": "2025-09-25T00:43:19.838Z"
  }
},
{
  "model": "music.playlisttrack",
  "pk": 10,
  "fields": {
    "playlist": 3,
    "track": 25,
    "position": 0,
    "added_at": "2025-09-25T00:43:57.852Z"
  }
},
{
  "model": "music.playlisttrack",
  "pk": 11,
  "fields": {
    "playlist": 4,
    "track": 40,
    "position": 0,
    "added_at": "2025-09-25T00:44:58.725Z"
  }
},
{
  "model": "music.playlisttrack",
  "pk": 12,
  "fields": {
    "playlist": 4,
    "track": 20,
    "position": 1,
    "added_at": "2025-09-25T00:45:22.544Z"
  }
},
{
  "model": "music.playlisttrack",
  "pk": 13,
  "fields": {
    "playlist": 4,
    "track": 24,
    "position": 2,
    "added_at": "2025-09-25T00:45:51.343Z"
  }
},
{
  "model": "music.playlisttrack",
  "pk": 14,
  "fields": {
    "playlist": 4,
    "track": 18,
    "position": 3,
    "added_at": "2025-09-25T00:46:24.445Z"
  }
},
{
  "model": "music.playlisttrack",
  "pk": 15,
  "fields": {
    "playlist": 4,
    "track": 2,
    "position": 4,
    "added_at": "2025-09-25T00:46:49.731Z"
  }
},
{
  "model": "music.playlisttrack",
  "pk": 16,
  "fields": {
    "playlist": 3,
    "track": 45,
    "position": 1,
    "added_at": "2025-09-25T00:47:24.723Z"
  }
}
]
